{
	"agents": [
		{
			"type": "passive",
			"radio": 0.300000,
			"x": -10.040465,
			"y": -10.057266,
			"theta": 0.000000,
			"v0": 0.000000,
			"w0": 0.000000
		},
		{
			"type": "passive",
			"radio": 0.300000,
			"x": 9.959535,
			"y": -10.000000,
			"theta": 0.000000,
			"v0": 0.000000,
			"w0": 0.000000
		},
		{
			"type": "passive",
			"radio": 0.300000,
			"x": -10.000000,
			"y": 10.000000,
			"theta": 0.000000,
			"v0": 0.000000,
			"w0": 0.000000
		},
		{
			"type": "passive",
			"radio": 0.300000,
			"x": 10.000000,
			"y": 9.942734,
			"theta": 0.000000,
			"v0": 0.000000,
			"w0": 0.000000
		}
	]
}