{
	"agents": [
		{
			"type": "passive",
			"radio": 0.300000,
			"x": -0.601922,
			"y": 5.161059,
			"theta": 2.000000,
			"v0": 2.000000,
			"w0": 2.000000
		}
	]
}