{
	"agents": [
		{
			"type": "active",
			"radio": 0.300000,
			"x": -3.576125,
			"y": 4.788833,
			"theta": 0.000000,
			"v0": 0.001000,
			"w0": 0.001000,
			"av": 0.150000,
			"aw": 1.047700,
			"goal": {
				"x": 3.369752,
				"y": 3.566213
			}
		},
		{
			"type": "passive",
			"radio": 0.100000,
			"x": -9.228225,
			"y": 9.242663,
			"theta": 0.000000,
			"v0": 0.000001,
			"w0": 0.000001
		}
	]
}